edad;raza dominante;emocion;genero;archivo;id
28;latino hispanic;neutral;Man;0a85cef5-12c3-4b18-a582-9b08e9965e73-1.png;0a85cef5-12c3-4b18-a582-9b08e9965e73
28;latino hispanic;neutral;Man;0a85cef5-12c3-4b18-a582-9b08e9965e73-10.png;0a85cef5-12c3-4b18-a582-9b08e9965e73
27;latino hispanic;neutral;Man;0a85cef5-12c3-4b18-a582-9b08e9965e73-100.png;0a85cef5-12c3-4b18-a582-9b08e9965e73
28;latino hispanic;neutral;Man;0a85cef5-12c3-4b18-a582-9b08e9965e73-101.png;0a85cef5-12c3-4b18-a582-9b08e9965e73
28;latino hispanic;neutral;Man;0a85cef5-12c3-4b18-a582-9b08e9965e73-102.png;0a85cef5-12c3-4b18-a582-9b08e9965e73
27;latino hispanic;neutral;Man;0a85cef5-12c3-4b18-a582-9b08e9965e73-103.png;0a85cef5-12c3-4b18-a582-9b08e9965e73
27;latino hispanic;neutral;Man;0a85cef5-12c3-4b18-a582-9b08e9965e73-104.png;0a85cef5-12c3-4b18-a582-9b08e9965e73
27;latino hispanic;neutral;Man;0a85cef5-12c3-4b18-a582-9b08e9965e73-105.png;0a85cef5-12c3-4b18-a582-9b08e9965e73
27;latino hispanic;neutral;Man;0a85cef5-12c3-4b18-a582-9b08e9965e73-106.png;0a85cef5-12c3-4b18-a582-9b08e9965e73
27;latino hispanic;neutral;Man;0a85cef5-12c3-4b18-a582-9b08e9965e73-107.png;0a85cef5-12c3-4b18-a582-9b08e9965e73
27;latino hispanic;neutral;Man;0a85cef5-12c3-4b18-a582-9b08e9965e73-108.png;0a85cef5-12c3-4b18-a582-9b08e9965e73
27;latino hispanic;neutral;Man;0a85cef5-12c3-4b18-a582-9b08e9965e73-109.png;0a85cef5-12c3-4b18-a582-9b08e9965e73
28;latino hispanic;neutral;Man;0a85cef5-12c3-4b18-a582-9b08e9965e73-11.png;0a85cef5-12c3-4b18-a582-9b08e9965e73
26;latino hispanic;neutral;Man;0a85cef5-12c3-4b18-a582-9b08e9965e73-110.png;0a85cef5-12c3-4b18-a582-9b08e9965e73
27;latino hispanic;neutral;Man;0a85cef5-12c3-4b18-a582-9b08e9965e73-111.png;0a85cef5-12c3-4b18-a582-9b08e9965e73
27;latino hispanic;neutral;Man;0a85cef5-12c3-4b18-a582-9b08e9965e73-112.png;0a85cef5-12c3-4b18-a582-9b08e9965e73
27;latino hispanic;neutral;Man;0a85cef5-12c3-4b18-a582-9b08e9965e73-113.png;0a85cef5-12c3-4b18-a582-9b08e9965e73
27;latino hispanic;neutral;Man;0a85cef5-12c3-4b18-a582-9b08e9965e73-114.png;0a85cef5-12c3-4b18-a582-9b08e9965e73
27;latino hispanic;neutral;Man;0a85cef5-12c3-4b18-a582-9b08e9965e73-115.png;0a85cef5-12c3-4b18-a582-9b08e9965e73
27;latino hispanic;neutral;Man;0a85cef5-12c3-4b18-a582-9b08e9965e73-116.png;0a85cef5-12c3-4b18-a582-9b08e9965e73
27;latino hispanic;neutral;Man;0a85cef5-12c3-4b18-a582-9b08e9965e73-117.png;0a85cef5-12c3-4b18-a582-9b08e9965e73
26;latino hispanic;neutral;Man;0a85cef5-12c3-4b18-a582-9b08e9965e73-118.png;0a85cef5-12c3-4b18-a582-9b08e9965e73
26;latino hispanic;neutral;Man;0a85cef5-12c3-4b18-a582-9b08e9965e73-119.png;0a85cef5-12c3-4b18-a582-9b08e9965e73
27;latino hispanic;neutral;Man;0a85cef5-12c3-4b18-a582-9b08e9965e73-12.png;0a85cef5-12c3-4b18-a582-9b08e9965e73
26;latino hispanic;neutral;Man;0a85cef5-12c3-4b18-a582-9b08e9965e73-120.png;0a85cef5-12c3-4b18-a582-9b08e9965e73
26;latino hispanic;neutral;Man;0a85cef5-12c3-4b18-a582-9b08e9965e73-121.png;0a85cef5-12c3-4b18-a582-9b08e9965e73
26;latino hispanic;neutral;Man;0a85cef5-12c3-4b18-a582-9b08e9965e73-122.png;0a85cef5-12c3-4b18-a582-9b08e9965e73
26;latino hispanic;neutral;Man;0a85cef5-12c3-4b18-a582-9b08e9965e73-123.png;0a85cef5-12c3-4b18-a582-9b08e9965e73
26;latino hispanic;neutral;Man;0a85cef5-12c3-4b18-a582-9b08e9965e73-124.png;0a85cef5-12c3-4b18-a582-9b08e9965e73
26;latino hispanic;neutral;Man;0a85cef5-12c3-4b18-a582-9b08e9965e73-125.png;0a85cef5-12c3-4b18-a582-9b08e9965e73
26;latino hispanic;neutral;Man;0a85cef5-12c3-4b18-a582-9b08e9965e73-126.png;0a85cef5-12c3-4b18-a582-9b08e9965e73
27;latino hispanic;neutral;Man;0a85cef5-12c3-4b18-a582-9b08e9965e73-127.png;0a85cef5-12c3-4b18-a582-9b08e9965e73
27;latino hispanic;neutral;Man;0a85cef5-12c3-4b18-a582-9b08e9965e73-128.png;0a85cef5-12c3-4b18-a582-9b08e9965e73
27;latino hispanic;neutral;Man;0a85cef5-12c3-4b18-a582-9b08e9965e73-129.png;0a85cef5-12c3-4b18-a582-9b08e9965e73
27;latino hispanic;neutral;Man;0a85cef5-12c3-4b18-a582-9b08e9965e73-13.png;0a85cef5-12c3-4b18-a582-9b08e9965e73
27;latino hispanic;neutral;Man;0a85cef5-12c3-4b18-a582-9b08e9965e73-130.png;0a85cef5-12c3-4b18-a582-9b08e9965e73
27;latino hispanic;neutral;Man;0a85cef5-12c3-4b18-a582-9b08e9965e73-131.png;0a85cef5-12c3-4b18-a582-9b08e9965e73
26;latino hispanic;neutral;Man;0a85cef5-12c3-4b18-a582-9b08e9965e73-132.png;0a85cef5-12c3-4b18-a582-9b08e9965e73
26;latino hispanic;neutral;Man;0a85cef5-12c3-4b18-a582-9b08e9965e73-133.png;0a85cef5-12c3-4b18-a582-9b08e9965e73
26;latino hispanic;neutral;Man;0a85cef5-12c3-4b18-a582-9b08e9965e73-134.png;0a85cef5-12c3-4b18-a582-9b08e9965e73
26;latino hispanic;neutral;Man;0a85cef5-12c3-4b18-a582-9b08e9965e73-135.png;0a85cef5-12c3-4b18-a582-9b08e9965e73
26;latino hispanic;neutral;Man;0a85cef5-12c3-4b18-a582-9b08e9965e73-136.png;0a85cef5-12c3-4b18-a582-9b08e9965e73
27;latino hispanic;neutral;Man;0a85cef5-12c3-4b18-a582-9b08e9965e73-137.png;0a85cef5-12c3-4b18-a582-9b08e9965e73
27;latino hispanic;neutral;Man;0a85cef5-12c3-4b18-a582-9b08e9965e73-138.png;0a85cef5-12c3-4b18-a582-9b08e9965e73
27;latino hispanic;neutral;Man;0a85cef5-12c3-4b18-a582-9b08e9965e73-139.png;0a85cef5-12c3-4b18-a582-9b08e9965e73
28;latino hispanic;neutral;Man;0a85cef5-12c3-4b18-a582-9b08e9965e73-14.png;0a85cef5-12c3-4b18-a582-9b08e9965e73
27;latino hispanic;neutral;Man;0a85cef5-12c3-4b18-a582-9b08e9965e73-140.png;0a85cef5-12c3-4b18-a582-9b08e9965e73
27;latino hispanic;neutral;Man;0a85cef5-12c3-4b18-a582-9b08e9965e73-141.png;0a85cef5-12c3-4b18-a582-9b08e9965e73
27;latino hispanic;neutral;Man;0a85cef5-12c3-4b18-a582-9b08e9965e73-142.png;0a85cef5-12c3-4b18-a582-9b08e9965e73
27;latino hispanic;neutral;Man;0a85cef5-12c3-4b18-a582-9b08e9965e73-143.png;0a85cef5-12c3-4b18-a582-9b08e9965e73
27;latino hispanic;neutral;Man;0a85cef5-12c3-4b18-a582-9b08e9965e73-144.png;0a85cef5-12c3-4b18-a582-9b08e9965e73
26;latino hispanic;neutral;Man;0a85cef5-12c3-4b18-a582-9b08e9965e73-145.png;0a85cef5-12c3-4b18-a582-9b08e9965e73
26;latino hispanic;neutral;Man;0a85cef5-12c3-4b18-a582-9b08e9965e73-146.png;0a85cef5-12c3-4b18-a582-9b08e9965e73
27;latino hispanic;sad;Man;0a85cef5-12c3-4b18-a582-9b08e9965e73-147.png;0a85cef5-12c3-4b18-a582-9b08e9965e73
27;latino hispanic;sad;Man;0a85cef5-12c3-4b18-a582-9b08e9965e73-148.png;0a85cef5-12c3-4b18-a582-9b08e9965e73
27;latino hispanic;neutral;Man;0a85cef5-12c3-4b18-a582-9b08e9965e73-149.png;0a85cef5-12c3-4b18-a582-9b08e9965e73
28;latino hispanic;neutral;Man;0a85cef5-12c3-4b18-a582-9b08e9965e73-15.png;0a85cef5-12c3-4b18-a582-9b08e9965e73
27;latino hispanic;neutral;Man;0a85cef5-12c3-4b18-a582-9b08e9965e73-150.png;0a85cef5-12c3-4b18-a582-9b08e9965e73
27;latino hispanic;neutral;Man;0a85cef5-12c3-4b18-a582-9b08e9965e73-151.png;0a85cef5-12c3-4b18-a582-9b08e9965e73
27;latino hispanic;neutral;Man;0a85cef5-12c3-4b18-a582-9b08e9965e73-152.png;0a85cef5-12c3-4b18-a582-9b08e9965e73
27;latino hispanic;neutral;Man;0a85cef5-12c3-4b18-a582-9b08e9965e73-153.png;0a85cef5-12c3-4b18-a582-9b08e9965e73
27;latino hispanic;neutral;Man;0a85cef5-12c3-4b18-a582-9b08e9965e73-154.png;0a85cef5-12c3-4b18-a582-9b08e9965e73
27;latino hispanic;sad;Man;0a85cef5-12c3-4b18-a582-9b08e9965e73-155.png;0a85cef5-12c3-4b18-a582-9b08e9965e73
27;latino hispanic;sad;Man;0a85cef5-12c3-4b18-a582-9b08e9965e73-156.png;0a85cef5-12c3-4b18-a582-9b08e9965e73
27;latino hispanic;neutral;Man;0a85cef5-12c3-4b18-a582-9b08e9965e73-157.png;0a85cef5-12c3-4b18-a582-9b08e9965e73
27;latino hispanic;neutral;Man;0a85cef5-12c3-4b18-a582-9b08e9965e73-158.png;0a85cef5-12c3-4b18-a582-9b08e9965e73
27;latino hispanic;neutral;Man;0a85cef5-12c3-4b18-a582-9b08e9965e73-159.png;0a85cef5-12c3-4b18-a582-9b08e9965e73
27;latino hispanic;neutral;Man;0a85cef5-12c3-4b18-a582-9b08e9965e73-16.png;0a85cef5-12c3-4b18-a582-9b08e9965e73
27;latino hispanic;neutral;Man;0a85cef5-12c3-4b18-a582-9b08e9965e73-17.png;0a85cef5-12c3-4b18-a582-9b08e9965e73
27;latino hispanic;neutral;Man;0a85cef5-12c3-4b18-a582-9b08e9965e73-18.png;0a85cef5-12c3-4b18-a582-9b08e9965e73
27;latino hispanic;neutral;Man;0a85cef5-12c3-4b18-a582-9b08e9965e73-19.png;0a85cef5-12c3-4b18-a582-9b08e9965e73
27;latino hispanic;neutral;Man;0a85cef5-12c3-4b18-a582-9b08e9965e73-2.png;0a85cef5-12c3-4b18-a582-9b08e9965e73
28;latino hispanic;neutral;Man;0a85cef5-12c3-4b18-a582-9b08e9965e73-20.png;0a85cef5-12c3-4b18-a582-9b08e9965e73
28;latino hispanic;neutral;Man;0a85cef5-12c3-4b18-a582-9b08e9965e73-21.png;0a85cef5-12c3-4b18-a582-9b08e9965e73
28;latino hispanic;neutral;Man;0a85cef5-12c3-4b18-a582-9b08e9965e73-22.png;0a85cef5-12c3-4b18-a582-9b08e9965e73
28;latino hispanic;neutral;Man;0a85cef5-12c3-4b18-a582-9b08e9965e73-23.png;0a85cef5-12c3-4b18-a582-9b08e9965e73
26;latino hispanic;angry;Man;0a85cef5-12c3-4b18-a582-9b08e9965e73-24.png;0a85cef5-12c3-4b18-a582-9b08e9965e73
26;latino hispanic;angry;Man;0a85cef5-12c3-4b18-a582-9b08e9965e73-25.png;0a85cef5-12c3-4b18-a582-9b08e9965e73
28;latino hispanic;neutral;Man;0a85cef5-12c3-4b18-a582-9b08e9965e73-26.png;0a85cef5-12c3-4b18-a582-9b08e9965e73
28;latino hispanic;neutral;Man;0a85cef5-12c3-4b18-a582-9b08e9965e73-27.png;0a85cef5-12c3-4b18-a582-9b08e9965e73
27;latino hispanic;sad;Man;0a85cef5-12c3-4b18-a582-9b08e9965e73-28.png;0a85cef5-12c3-4b18-a582-9b08e9965e73
27;latino hispanic;sad;Man;0a85cef5-12c3-4b18-a582-9b08e9965e73-29.png;0a85cef5-12c3-4b18-a582-9b08e9965e73
27;latino hispanic;neutral;Man;0a85cef5-12c3-4b18-a582-9b08e9965e73-3.png;0a85cef5-12c3-4b18-a582-9b08e9965e73
28;latino hispanic;neutral;Man;0a85cef5-12c3-4b18-a582-9b08e9965e73-30.png;0a85cef5-12c3-4b18-a582-9b08e9965e73
28;latino hispanic;neutral;Man;0a85cef5-12c3-4b18-a582-9b08e9965e73-31.png;0a85cef5-12c3-4b18-a582-9b08e9965e73
27;latino hispanic;sad;Man;0a85cef5-12c3-4b18-a582-9b08e9965e73-32.png;0a85cef5-12c3-4b18-a582-9b08e9965e73
27;latino hispanic;sad;Man;0a85cef5-12c3-4b18-a582-9b08e9965e73-33.png;0a85cef5-12c3-4b18-a582-9b08e9965e73
28;latino hispanic;sad;Man;0a85cef5-12c3-4b18-a582-9b08e9965e73-34.png;0a85cef5-12c3-4b18-a582-9b08e9965e73
28;latino hispanic;sad;Man;0a85cef5-12c3-4b18-a582-9b08e9965e73-35.png;0a85cef5-12c3-4b18-a582-9b08e9965e73
28;latino hispanic;sad;Man;0a85cef5-12c3-4b18-a582-9b08e9965e73-36.png;0a85cef5-12c3-4b18-a582-9b08e9965e73
28;latino hispanic;sad;Man;0a85cef5-12c3-4b18-a582-9b08e9965e73-37.png;0a85cef5-12c3-4b18-a582-9b08e9965e73
28;latino hispanic;angry;Man;0a85cef5-12c3-4b18-a582-9b08e9965e73-38.png;0a85cef5-12c3-4b18-a582-9b08e9965e73
28;latino hispanic;angry;Man;0a85cef5-12c3-4b18-a582-9b08e9965e73-39.png;0a85cef5-12c3-4b18-a582-9b08e9965e73
28;latino hispanic;neutral;Man;0a85cef5-12c3-4b18-a582-9b08e9965e73-4.png;0a85cef5-12c3-4b18-a582-9b08e9965e73
28;latino hispanic;neutral;Man;0a85cef5-12c3-4b18-a582-9b08e9965e73-40.png;0a85cef5-12c3-4b18-a582-9b08e9965e73
28;latino hispanic;neutral;Man;0a85cef5-12c3-4b18-a582-9b08e9965e73-41.png;0a85cef5-12c3-4b18-a582-9b08e9965e73
27;latino hispanic;neutral;Man;0a85cef5-12c3-4b18-a582-9b08e9965e73-42.png;0a85cef5-12c3-4b18-a582-9b08e9965e73
27;latino hispanic;neutral;Man;0a85cef5-12c3-4b18-a582-9b08e9965e73-43.png;0a85cef5-12c3-4b18-a582-9b08e9965e73
27;latino hispanic;sad;Man;0a85cef5-12c3-4b18-a582-9b08e9965e73-44.png;0a85cef5-12c3-4b18-a582-9b08e9965e73
27;latino hispanic;sad;Man;0a85cef5-12c3-4b18-a582-9b08e9965e73-45.png;0a85cef5-12c3-4b18-a582-9b08e9965e73
27;latino hispanic;sad;Man;0a85cef5-12c3-4b18-a582-9b08e9965e73-46.png;0a85cef5-12c3-4b18-a582-9b08e9965e73
27;latino hispanic;sad;Man;0a85cef5-12c3-4b18-a582-9b08e9965e73-47.png;0a85cef5-12c3-4b18-a582-9b08e9965e73
27;latino hispanic;neutral;Man;0a85cef5-12c3-4b18-a582-9b08e9965e73-48.png;0a85cef5-12c3-4b18-a582-9b08e9965e73
27;latino hispanic;neutral;Man;0a85cef5-12c3-4b18-a582-9b08e9965e73-49.png;0a85cef5-12c3-4b18-a582-9b08e9965e73
28;latino hispanic;neutral;Man;0a85cef5-12c3-4b18-a582-9b08e9965e73-5.png;0a85cef5-12c3-4b18-a582-9b08e9965e73
27;latino hispanic;neutral;Man;0a85cef5-12c3-4b18-a582-9b08e9965e73-50.png;0a85cef5-12c3-4b18-a582-9b08e9965e73
27;latino hispanic;neutral;Man;0a85cef5-12c3-4b18-a582-9b08e9965e73-51.png;0a85cef5-12c3-4b18-a582-9b08e9965e73
27;latino hispanic;neutral;Man;0a85cef5-12c3-4b18-a582-9b08e9965e73-52.png;0a85cef5-12c3-4b18-a582-9b08e9965e73
27;latino hispanic;neutral;Man;0a85cef5-12c3-4b18-a582-9b08e9965e73-53.png;0a85cef5-12c3-4b18-a582-9b08e9965e73
27;latino hispanic;neutral;Man;0a85cef5-12c3-4b18-a582-9b08e9965e73-54.png;0a85cef5-12c3-4b18-a582-9b08e9965e73
27;latino hispanic;neutral;Man;0a85cef5-12c3-4b18-a582-9b08e9965e73-55.png;0a85cef5-12c3-4b18-a582-9b08e9965e73
27;latino hispanic;neutral;Man;0a85cef5-12c3-4b18-a582-9b08e9965e73-56.png;0a85cef5-12c3-4b18-a582-9b08e9965e73
27;latino hispanic;neutral;Man;0a85cef5-12c3-4b18-a582-9b08e9965e73-57.png;0a85cef5-12c3-4b18-a582-9b08e9965e73
27;latino hispanic;neutral;Man;0a85cef5-12c3-4b18-a582-9b08e9965e73-58.png;0a85cef5-12c3-4b18-a582-9b08e9965e73
27;latino hispanic;neutral;Man;0a85cef5-12c3-4b18-a582-9b08e9965e73-59.png;0a85cef5-12c3-4b18-a582-9b08e9965e73
27;latino hispanic;neutral;Man;0a85cef5-12c3-4b18-a582-9b08e9965e73-6.png;0a85cef5-12c3-4b18-a582-9b08e9965e73
26;latino hispanic;neutral;Man;0a85cef5-12c3-4b18-a582-9b08e9965e73-60.png;0a85cef5-12c3-4b18-a582-9b08e9965e73
26;latino hispanic;neutral;Man;0a85cef5-12c3-4b18-a582-9b08e9965e73-61.png;0a85cef5-12c3-4b18-a582-9b08e9965e73
27;latino hispanic;sad;Man;0a85cef5-12c3-4b18-a582-9b08e9965e73-62.png;0a85cef5-12c3-4b18-a582-9b08e9965e73
27;latino hispanic;sad;Man;0a85cef5-12c3-4b18-a582-9b08e9965e73-63.png;0a85cef5-12c3-4b18-a582-9b08e9965e73
27;latino hispanic;neutral;Man;0a85cef5-12c3-4b18-a582-9b08e9965e73-64.png;0a85cef5-12c3-4b18-a582-9b08e9965e73
27;latino hispanic;neutral;Man;0a85cef5-12c3-4b18-a582-9b08e9965e73-65.png;0a85cef5-12c3-4b18-a582-9b08e9965e73
26;latino hispanic;neutral;Man;0a85cef5-12c3-4b18-a582-9b08e9965e73-66.png;0a85cef5-12c3-4b18-a582-9b08e9965e73
26;latino hispanic;neutral;Man;0a85cef5-12c3-4b18-a582-9b08e9965e73-67.png;0a85cef5-12c3-4b18-a582-9b08e9965e73
27;latino hispanic;neutral;Man;0a85cef5-12c3-4b18-a582-9b08e9965e73-68.png;0a85cef5-12c3-4b18-a582-9b08e9965e73
27;latino hispanic;neutral;Man;0a85cef5-12c3-4b18-a582-9b08e9965e73-69.png;0a85cef5-12c3-4b18-a582-9b08e9965e73
27;latino hispanic;neutral;Man;0a85cef5-12c3-4b18-a582-9b08e9965e73-7.png;0a85cef5-12c3-4b18-a582-9b08e9965e73
26;latino hispanic;neutral;Man;0a85cef5-12c3-4b18-a582-9b08e9965e73-70.png;0a85cef5-12c3-4b18-a582-9b08e9965e73
26;latino hispanic;neutral;Man;0a85cef5-12c3-4b18-a582-9b08e9965e73-71.png;0a85cef5-12c3-4b18-a582-9b08e9965e73
26;latino hispanic;neutral;Man;0a85cef5-12c3-4b18-a582-9b08e9965e73-72.png;0a85cef5-12c3-4b18-a582-9b08e9965e73
26;latino hispanic;neutral;Man;0a85cef5-12c3-4b18-a582-9b08e9965e73-73.png;0a85cef5-12c3-4b18-a582-9b08e9965e73
26;latino hispanic;neutral;Man;0a85cef5-12c3-4b18-a582-9b08e9965e73-74.png;0a85cef5-12c3-4b18-a582-9b08e9965e73
26;latino hispanic;neutral;Man;0a85cef5-12c3-4b18-a582-9b08e9965e73-75.png;0a85cef5-12c3-4b18-a582-9b08e9965e73
26;latino hispanic;neutral;Man;0a85cef5-12c3-4b18-a582-9b08e9965e73-76.png;0a85cef5-12c3-4b18-a582-9b08e9965e73
26;latino hispanic;neutral;Man;0a85cef5-12c3-4b18-a582-9b08e9965e73-77.png;0a85cef5-12c3-4b18-a582-9b08e9965e73
27;latino hispanic;neutral;Man;0a85cef5-12c3-4b18-a582-9b08e9965e73-78.png;0a85cef5-12c3-4b18-a582-9b08e9965e73
27;latino hispanic;neutral;Man;0a85cef5-12c3-4b18-a582-9b08e9965e73-79.png;0a85cef5-12c3-4b18-a582-9b08e9965e73
27;latino hispanic;neutral;Man;0a85cef5-12c3-4b18-a582-9b08e9965e73-8.png;0a85cef5-12c3-4b18-a582-9b08e9965e73
27;latino hispanic;neutral;Man;0a85cef5-12c3-4b18-a582-9b08e9965e73-80.png;0a85cef5-12c3-4b18-a582-9b08e9965e73
27;latino hispanic;neutral;Man;0a85cef5-12c3-4b18-a582-9b08e9965e73-81.png;0a85cef5-12c3-4b18-a582-9b08e9965e73
26;latino hispanic;neutral;Man;0a85cef5-12c3-4b18-a582-9b08e9965e73-82.png;0a85cef5-12c3-4b18-a582-9b08e9965e73
26;latino hispanic;neutral;Man;0a85cef5-12c3-4b18-a582-9b08e9965e73-83.png;0a85cef5-12c3-4b18-a582-9b08e9965e73
27;latino hispanic;neutral;Man;0a85cef5-12c3-4b18-a582-9b08e9965e73-84.png;0a85cef5-12c3-4b18-a582-9b08e9965e73
27;latino hispanic;neutral;Man;0a85cef5-12c3-4b18-a582-9b08e9965e73-85.png;0a85cef5-12c3-4b18-a582-9b08e9965e73
27;latino hispanic;sad;Man;0a85cef5-12c3-4b18-a582-9b08e9965e73-86.png;0a85cef5-12c3-4b18-a582-9b08e9965e73
28;latino hispanic;neutral;Man;0a85cef5-12c3-4b18-a582-9b08e9965e73-87.png;0a85cef5-12c3-4b18-a582-9b08e9965e73
28;latino hispanic;neutral;Man;0a85cef5-12c3-4b18-a582-9b08e9965e73-88.png;0a85cef5-12c3-4b18-a582-9b08e9965e73
28;latino hispanic;neutral;Man;0a85cef5-12c3-4b18-a582-9b08e9965e73-89.png;0a85cef5-12c3-4b18-a582-9b08e9965e73
27;latino hispanic;neutral;Man;0a85cef5-12c3-4b18-a582-9b08e9965e73-9.png;0a85cef5-12c3-4b18-a582-9b08e9965e73
28;latino hispanic;neutral;Man;0a85cef5-12c3-4b18-a582-9b08e9965e73-90.png;0a85cef5-12c3-4b18-a582-9b08e9965e73
28;latino hispanic;neutral;Man;0a85cef5-12c3-4b18-a582-9b08e9965e73-91.png;0a85cef5-12c3-4b18-a582-9b08e9965e73
27;latino hispanic;neutral;Man;0a85cef5-12c3-4b18-a582-9b08e9965e73-92.png;0a85cef5-12c3-4b18-a582-9b08e9965e73
27;latino hispanic;neutral;Man;0a85cef5-12c3-4b18-a582-9b08e9965e73-93.png;0a85cef5-12c3-4b18-a582-9b08e9965e73
27;latino hispanic;neutral;Man;0a85cef5-12c3-4b18-a582-9b08e9965e73-94.png;0a85cef5-12c3-4b18-a582-9b08e9965e73
27;latino hispanic;neutral;Man;0a85cef5-12c3-4b18-a582-9b08e9965e73-95.png;0a85cef5-12c3-4b18-a582-9b08e9965e73
27;latino hispanic;neutral;Man;0a85cef5-12c3-4b18-a582-9b08e9965e73-96.png;0a85cef5-12c3-4b18-a582-9b08e9965e73
27;latino hispanic;neutral;Man;0a85cef5-12c3-4b18-a582-9b08e9965e73-97.png;0a85cef5-12c3-4b18-a582-9b08e9965e73
26;latino hispanic;neutral;Man;0a85cef5-12c3-4b18-a582-9b08e9965e73-98.png;0a85cef5-12c3-4b18-a582-9b08e9965e73
27;latino hispanic;neutral;Man;0a85cef5-12c3-4b18-a582-9b08e9965e73-99.png;0a85cef5-12c3-4b18-a582-9b08e9965e73
27;latino hispanic;neutral;Man;133325b4-bca5-4f74-bb91-685aa4389d11-20.png;133325b4-bca5-4f74-bb91-685aa4389d11
27;latino hispanic;neutral;Man;133325b4-bca5-4f74-bb91-685aa4389d11-21.png;133325b4-bca5-4f74-bb91-685aa4389d11
28;middle eastern;happy;Man;72eda2db-c4fc-4561-a5e7-1076cce47af4-1.png;72eda2db-c4fc-4561-a5e7-1076cce47af4
27;middle eastern;neutral;Man;72eda2db-c4fc-4561-a5e7-1076cce47af4-10.png;72eda2db-c4fc-4561-a5e7-1076cce47af4
29;middle eastern;happy;Man;72eda2db-c4fc-4561-a5e7-1076cce47af4-100.png;72eda2db-c4fc-4561-a5e7-1076cce47af4
27;middle eastern;neutral;Man;72eda2db-c4fc-4561-a5e7-1076cce47af4-101.png;72eda2db-c4fc-4561-a5e7-1076cce47af4
27;middle eastern;neutral;Man;72eda2db-c4fc-4561-a5e7-1076cce47af4-102.png;72eda2db-c4fc-4561-a5e7-1076cce47af4
28;middle eastern;neutral;Man;72eda2db-c4fc-4561-a5e7-1076cce47af4-103.png;72eda2db-c4fc-4561-a5e7-1076cce47af4
28;middle eastern;neutral;Man;72eda2db-c4fc-4561-a5e7-1076cce47af4-104.png;72eda2db-c4fc-4561-a5e7-1076cce47af4
27;middle eastern;happy;Man;72eda2db-c4fc-4561-a5e7-1076cce47af4-105.png;72eda2db-c4fc-4561-a5e7-1076cce47af4
27;middle eastern;happy;Man;72eda2db-c4fc-4561-a5e7-1076cce47af4-106.png;72eda2db-c4fc-4561-a5e7-1076cce47af4
27;middle eastern;happy;Man;72eda2db-c4fc-4561-a5e7-1076cce47af4-107.png;72eda2db-c4fc-4561-a5e7-1076cce47af4
27;middle eastern;happy;Man;72eda2db-c4fc-4561-a5e7-1076cce47af4-108.png;72eda2db-c4fc-4561-a5e7-1076cce47af4
26;middle eastern;fear;Man;72eda2db-c4fc-4561-a5e7-1076cce47af4-109.png;72eda2db-c4fc-4561-a5e7-1076cce47af4
27;middle eastern;neutral;Man;72eda2db-c4fc-4561-a5e7-1076cce47af4-11.png;72eda2db-c4fc-4561-a5e7-1076cce47af4
26;middle eastern;fear;Man;72eda2db-c4fc-4561-a5e7-1076cce47af4-110.png;72eda2db-c4fc-4561-a5e7-1076cce47af4
29;middle eastern;happy;Man;72eda2db-c4fc-4561-a5e7-1076cce47af4-111.png;72eda2db-c4fc-4561-a5e7-1076cce47af4
29;middle eastern;happy;Man;72eda2db-c4fc-4561-a5e7-1076cce47af4-112.png;72eda2db-c4fc-4561-a5e7-1076cce47af4
29;middle eastern;neutral;Man;72eda2db-c4fc-4561-a5e7-1076cce47af4-113.png;72eda2db-c4fc-4561-a5e7-1076cce47af4
29;middle eastern;neutral;Man;72eda2db-c4fc-4561-a5e7-1076cce47af4-114.png;72eda2db-c4fc-4561-a5e7-1076cce47af4
29;middle eastern;neutral;Man;72eda2db-c4fc-4561-a5e7-1076cce47af4-115.png;72eda2db-c4fc-4561-a5e7-1076cce47af4
29;middle eastern;neutral;Man;72eda2db-c4fc-4561-a5e7-1076cce47af4-116.png;72eda2db-c4fc-4561-a5e7-1076cce47af4
28;middle eastern;happy;Man;72eda2db-c4fc-4561-a5e7-1076cce47af4-117.png;72eda2db-c4fc-4561-a5e7-1076cce47af4
28;middle eastern;happy;Man;72eda2db-c4fc-4561-a5e7-1076cce47af4-118.png;72eda2db-c4fc-4561-a5e7-1076cce47af4
30;middle eastern;happy;Man;72eda2db-c4fc-4561-a5e7-1076cce47af4-119.png;72eda2db-c4fc-4561-a5e7-1076cce47af4
26;middle eastern;happy;Man;72eda2db-c4fc-4561-a5e7-1076cce47af4-12.png;72eda2db-c4fc-4561-a5e7-1076cce47af4
30;middle eastern;happy;Man;72eda2db-c4fc-4561-a5e7-1076cce47af4-120.png;72eda2db-c4fc-4561-a5e7-1076cce47af4
31;middle eastern;neutral;Man;72eda2db-c4fc-4561-a5e7-1076cce47af4-121.png;72eda2db-c4fc-4561-a5e7-1076cce47af4
31;middle eastern;neutral;Man;72eda2db-c4fc-4561-a5e7-1076cce47af4-122.png;72eda2db-c4fc-4561-a5e7-1076cce47af4
26;middle eastern;happy;Man;72eda2db-c4fc-4561-a5e7-1076cce47af4-13.png;72eda2db-c4fc-4561-a5e7-1076cce47af4
26;middle eastern;happy;Man;72eda2db-c4fc-4561-a5e7-1076cce47af4-14.png;72eda2db-c4fc-4561-a5e7-1076cce47af4
26;middle eastern;happy;Man;72eda2db-c4fc-4561-a5e7-1076cce47af4-15.png;72eda2db-c4fc-4561-a5e7-1076cce47af4
26;middle eastern;happy;Man;72eda2db-c4fc-4561-a5e7-1076cce47af4-16.png;72eda2db-c4fc-4561-a5e7-1076cce47af4
28;middle eastern;happy;Man;72eda2db-c4fc-4561-a5e7-1076cce47af4-17.png;72eda2db-c4fc-4561-a5e7-1076cce47af4
28;middle eastern;happy;Man;72eda2db-c4fc-4561-a5e7-1076cce47af4-18.png;72eda2db-c4fc-4561-a5e7-1076cce47af4
28;middle eastern;happy;Man;72eda2db-c4fc-4561-a5e7-1076cce47af4-19.png;72eda2db-c4fc-4561-a5e7-1076cce47af4
29;middle eastern;happy;Man;72eda2db-c4fc-4561-a5e7-1076cce47af4-2.png;72eda2db-c4fc-4561-a5e7-1076cce47af4
29;middle eastern;happy;Man;72eda2db-c4fc-4561-a5e7-1076cce47af4-20.png;72eda2db-c4fc-4561-a5e7-1076cce47af4
29;middle eastern;happy;Man;72eda2db-c4fc-4561-a5e7-1076cce47af4-21.png;72eda2db-c4fc-4561-a5e7-1076cce47af4
29;middle eastern;happy;Man;72eda2db-c4fc-4561-a5e7-1076cce47af4-22.png;72eda2db-c4fc-4561-a5e7-1076cce47af4
29;middle eastern;happy;Man;72eda2db-c4fc-4561-a5e7-1076cce47af4-23.png;72eda2db-c4fc-4561-a5e7-1076cce47af4
28;middle eastern;fear;Man;72eda2db-c4fc-4561-a5e7-1076cce47af4-24.png;72eda2db-c4fc-4561-a5e7-1076cce47af4
28;middle eastern;happy;Man;72eda2db-c4fc-4561-a5e7-1076cce47af4-25.png;72eda2db-c4fc-4561-a5e7-1076cce47af4
28;middle eastern;happy;Man;72eda2db-c4fc-4561-a5e7-1076cce47af4-26.png;72eda2db-c4fc-4561-a5e7-1076cce47af4
28;middle eastern;happy;Man;72eda2db-c4fc-4561-a5e7-1076cce47af4-27.png;72eda2db-c4fc-4561-a5e7-1076cce47af4
28;middle eastern;happy;Man;72eda2db-c4fc-4561-a5e7-1076cce47af4-28.png;72eda2db-c4fc-4561-a5e7-1076cce47af4
28;middle eastern;happy;Man;72eda2db-c4fc-4561-a5e7-1076cce47af4-29.png;72eda2db-c4fc-4561-a5e7-1076cce47af4
29;middle eastern;happy;Man;72eda2db-c4fc-4561-a5e7-1076cce47af4-3.png;72eda2db-c4fc-4561-a5e7-1076cce47af4
28;middle eastern;happy;Man;72eda2db-c4fc-4561-a5e7-1076cce47af4-30.png;72eda2db-c4fc-4561-a5e7-1076cce47af4
27;middle eastern;happy;Man;72eda2db-c4fc-4561-a5e7-1076cce47af4-31.png;72eda2db-c4fc-4561-a5e7-1076cce47af4
27;middle eastern;happy;Man;72eda2db-c4fc-4561-a5e7-1076cce47af4-32.png;72eda2db-c4fc-4561-a5e7-1076cce47af4
27;middle eastern;happy;Man;72eda2db-c4fc-4561-a5e7-1076cce47af4-33.png;72eda2db-c4fc-4561-a5e7-1076cce47af4
27;middle eastern;happy;Man;72eda2db-c4fc-4561-a5e7-1076cce47af4-34.png;72eda2db-c4fc-4561-a5e7-1076cce47af4
27;middle eastern;happy;Man;72eda2db-c4fc-4561-a5e7-1076cce47af4-35.png;72eda2db-c4fc-4561-a5e7-1076cce47af4
28;middle eastern;happy;Man;72eda2db-c4fc-4561-a5e7-1076cce47af4-36.png;72eda2db-c4fc-4561-a5e7-1076cce47af4
27;middle eastern;fear;Man;72eda2db-c4fc-4561-a5e7-1076cce47af4-37.png;72eda2db-c4fc-4561-a5e7-1076cce47af4
27;middle eastern;fear;Man;72eda2db-c4fc-4561-a5e7-1076cce47af4-38.png;72eda2db-c4fc-4561-a5e7-1076cce47af4
28;middle eastern;happy;Man;72eda2db-c4fc-4561-a5e7-1076cce47af4-39.png;72eda2db-c4fc-4561-a5e7-1076cce47af4
28;middle eastern;happy;Man;72eda2db-c4fc-4561-a5e7-1076cce47af4-4.png;72eda2db-c4fc-4561-a5e7-1076cce47af4
28;middle eastern;happy;Man;72eda2db-c4fc-4561-a5e7-1076cce47af4-40.png;72eda2db-c4fc-4561-a5e7-1076cce47af4
28;middle eastern;happy;Man;72eda2db-c4fc-4561-a5e7-1076cce47af4-41.png;72eda2db-c4fc-4561-a5e7-1076cce47af4
28;middle eastern;happy;Man;72eda2db-c4fc-4561-a5e7-1076cce47af4-42.png;72eda2db-c4fc-4561-a5e7-1076cce47af4
29;middle eastern;happy;Man;72eda2db-c4fc-4561-a5e7-1076cce47af4-43.png;72eda2db-c4fc-4561-a5e7-1076cce47af4
29;middle eastern;happy;Man;72eda2db-c4fc-4561-a5e7-1076cce47af4-44.png;72eda2db-c4fc-4561-a5e7-1076cce47af4
28;middle eastern;happy;Man;72eda2db-c4fc-4561-a5e7-1076cce47af4-45.png;72eda2db-c4fc-4561-a5e7-1076cce47af4
28;middle eastern;happy;Man;72eda2db-c4fc-4561-a5e7-1076cce47af4-46.png;72eda2db-c4fc-4561-a5e7-1076cce47af4
28;middle eastern;happy;Man;72eda2db-c4fc-4561-a5e7-1076cce47af4-47.png;72eda2db-c4fc-4561-a5e7-1076cce47af4
29;middle eastern;happy;Man;72eda2db-c4fc-4561-a5e7-1076cce47af4-48.png;72eda2db-c4fc-4561-a5e7-1076cce47af4
29;middle eastern;happy;Man;72eda2db-c4fc-4561-a5e7-1076cce47af4-49.png;72eda2db-c4fc-4561-a5e7-1076cce47af4
28;middle eastern;happy;Man;72eda2db-c4fc-4561-a5e7-1076cce47af4-5.png;72eda2db-c4fc-4561-a5e7-1076cce47af4
29;middle eastern;happy;Man;72eda2db-c4fc-4561-a5e7-1076cce47af4-50.png;72eda2db-c4fc-4561-a5e7-1076cce47af4
27;middle eastern;fear;Man;72eda2db-c4fc-4561-a5e7-1076cce47af4-51.png;72eda2db-c4fc-4561-a5e7-1076cce47af4
27;middle eastern;fear;Man;72eda2db-c4fc-4561-a5e7-1076cce47af4-52.png;72eda2db-c4fc-4561-a5e7-1076cce47af4
28;middle eastern;happy;Man;72eda2db-c4fc-4561-a5e7-1076cce47af4-53.png;72eda2db-c4fc-4561-a5e7-1076cce47af4
28;middle eastern;happy;Man;72eda2db-c4fc-4561-a5e7-1076cce47af4-54.png;72eda2db-c4fc-4561-a5e7-1076cce47af4
28;middle eastern;fear;Man;72eda2db-c4fc-4561-a5e7-1076cce47af4-55.png;72eda2db-c4fc-4561-a5e7-1076cce47af4
28;middle eastern;fear;Man;72eda2db-c4fc-4561-a5e7-1076cce47af4-56.png;72eda2db-c4fc-4561-a5e7-1076cce47af4
28;middle eastern;happy;Man;72eda2db-c4fc-4561-a5e7-1076cce47af4-57.png;72eda2db-c4fc-4561-a5e7-1076cce47af4
28;middle eastern;happy;Man;72eda2db-c4fc-4561-a5e7-1076cce47af4-58.png;72eda2db-c4fc-4561-a5e7-1076cce47af4
28;middle eastern;happy;Man;72eda2db-c4fc-4561-a5e7-1076cce47af4-59.png;72eda2db-c4fc-4561-a5e7-1076cce47af4
28;middle eastern;happy;Man;72eda2db-c4fc-4561-a5e7-1076cce47af4-6.png;72eda2db-c4fc-4561-a5e7-1076cce47af4
28;middle eastern;happy;Man;72eda2db-c4fc-4561-a5e7-1076cce47af4-60.png;72eda2db-c4fc-4561-a5e7-1076cce47af4
28;middle eastern;neutral;Man;72eda2db-c4fc-4561-a5e7-1076cce47af4-61.png;72eda2db-c4fc-4561-a5e7-1076cce47af4
28;middle eastern;neutral;Man;72eda2db-c4fc-4561-a5e7-1076cce47af4-62.png;72eda2db-c4fc-4561-a5e7-1076cce47af4
28;middle eastern;happy;Man;72eda2db-c4fc-4561-a5e7-1076cce47af4-63.png;72eda2db-c4fc-4561-a5e7-1076cce47af4
28;middle eastern;happy;Man;72eda2db-c4fc-4561-a5e7-1076cce47af4-64.png;72eda2db-c4fc-4561-a5e7-1076cce47af4
29;middle eastern;happy;Man;72eda2db-c4fc-4561-a5e7-1076cce47af4-65.png;72eda2db-c4fc-4561-a5e7-1076cce47af4
29;middle eastern;happy;Man;72eda2db-c4fc-4561-a5e7-1076cce47af4-66.png;72eda2db-c4fc-4561-a5e7-1076cce47af4
28;middle eastern;happy;Man;72eda2db-c4fc-4561-a5e7-1076cce47af4-67.png;72eda2db-c4fc-4561-a5e7-1076cce47af4
28;middle eastern;happy;Man;72eda2db-c4fc-4561-a5e7-1076cce47af4-68.png;72eda2db-c4fc-4561-a5e7-1076cce47af4
28;middle eastern;happy;Man;72eda2db-c4fc-4561-a5e7-1076cce47af4-69.png;72eda2db-c4fc-4561-a5e7-1076cce47af4
28;middle eastern;happy;Man;72eda2db-c4fc-4561-a5e7-1076cce47af4-7.png;72eda2db-c4fc-4561-a5e7-1076cce47af4
28;middle eastern;happy;Man;72eda2db-c4fc-4561-a5e7-1076cce47af4-70.png;72eda2db-c4fc-4561-a5e7-1076cce47af4
28;middle eastern;happy;Man;72eda2db-c4fc-4561-a5e7-1076cce47af4-71.png;72eda2db-c4fc-4561-a5e7-1076cce47af4
28;middle eastern;happy;Man;72eda2db-c4fc-4561-a5e7-1076cce47af4-72.png;72eda2db-c4fc-4561-a5e7-1076cce47af4
27;middle eastern;happy;Man;72eda2db-c4fc-4561-a5e7-1076cce47af4-73.png;72eda2db-c4fc-4561-a5e7-1076cce47af4
27;middle eastern;happy;Man;72eda2db-c4fc-4561-a5e7-1076cce47af4-74.png;72eda2db-c4fc-4561-a5e7-1076cce47af4
28;middle eastern;happy;Man;72eda2db-c4fc-4561-a5e7-1076cce47af4-75.png;72eda2db-c4fc-4561-a5e7-1076cce47af4
28;middle eastern;happy;Man;72eda2db-c4fc-4561-a5e7-1076cce47af4-76.png;72eda2db-c4fc-4561-a5e7-1076cce47af4
29;middle eastern;happy;Man;72eda2db-c4fc-4561-a5e7-1076cce47af4-77.png;72eda2db-c4fc-4561-a5e7-1076cce47af4
29;middle eastern;happy;Man;72eda2db-c4fc-4561-a5e7-1076cce47af4-78.png;72eda2db-c4fc-4561-a5e7-1076cce47af4
29;middle eastern;happy;Man;72eda2db-c4fc-4561-a5e7-1076cce47af4-79.png;72eda2db-c4fc-4561-a5e7-1076cce47af4
28;middle eastern;happy;Man;72eda2db-c4fc-4561-a5e7-1076cce47af4-8.png;72eda2db-c4fc-4561-a5e7-1076cce47af4
29;middle eastern;happy;Man;72eda2db-c4fc-4561-a5e7-1076cce47af4-80.png;72eda2db-c4fc-4561-a5e7-1076cce47af4
28;middle eastern;happy;Man;72eda2db-c4fc-4561-a5e7-1076cce47af4-81.png;72eda2db-c4fc-4561-a5e7-1076cce47af4
28;middle eastern;happy;Man;72eda2db-c4fc-4561-a5e7-1076cce47af4-82.png;72eda2db-c4fc-4561-a5e7-1076cce47af4
28;middle eastern;happy;Man;72eda2db-c4fc-4561-a5e7-1076cce47af4-83.png;72eda2db-c4fc-4561-a5e7-1076cce47af4
28;middle eastern;happy;Man;72eda2db-c4fc-4561-a5e7-1076cce47af4-84.png;72eda2db-c4fc-4561-a5e7-1076cce47af4
27;middle eastern;happy;Man;72eda2db-c4fc-4561-a5e7-1076cce47af4-85.png;72eda2db-c4fc-4561-a5e7-1076cce47af4
27;middle eastern;happy;Man;72eda2db-c4fc-4561-a5e7-1076cce47af4-86.png;72eda2db-c4fc-4561-a5e7-1076cce47af4
28;middle eastern;happy;Man;72eda2db-c4fc-4561-a5e7-1076cce47af4-87.png;72eda2db-c4fc-4561-a5e7-1076cce47af4
28;middle eastern;happy;Man;72eda2db-c4fc-4561-a5e7-1076cce47af4-88.png;72eda2db-c4fc-4561-a5e7-1076cce47af4
29;middle eastern;happy;Man;72eda2db-c4fc-4561-a5e7-1076cce47af4-89.png;72eda2db-c4fc-4561-a5e7-1076cce47af4
28;middle eastern;happy;Man;72eda2db-c4fc-4561-a5e7-1076cce47af4-9.png;72eda2db-c4fc-4561-a5e7-1076cce47af4
29;middle eastern;happy;Man;72eda2db-c4fc-4561-a5e7-1076cce47af4-90.png;72eda2db-c4fc-4561-a5e7-1076cce47af4
28;middle eastern;happy;Man;72eda2db-c4fc-4561-a5e7-1076cce47af4-91.png;72eda2db-c4fc-4561-a5e7-1076cce47af4
28;middle eastern;happy;Man;72eda2db-c4fc-4561-a5e7-1076cce47af4-92.png;72eda2db-c4fc-4561-a5e7-1076cce47af4
28;middle eastern;happy;Man;72eda2db-c4fc-4561-a5e7-1076cce47af4-93.png;72eda2db-c4fc-4561-a5e7-1076cce47af4
28;middle eastern;happy;Man;72eda2db-c4fc-4561-a5e7-1076cce47af4-94.png;72eda2db-c4fc-4561-a5e7-1076cce47af4
29;middle eastern;happy;Man;72eda2db-c4fc-4561-a5e7-1076cce47af4-95.png;72eda2db-c4fc-4561-a5e7-1076cce47af4
29;middle eastern;happy;Man;72eda2db-c4fc-4561-a5e7-1076cce47af4-96.png;72eda2db-c4fc-4561-a5e7-1076cce47af4
28;middle eastern;happy;Man;72eda2db-c4fc-4561-a5e7-1076cce47af4-97.png;72eda2db-c4fc-4561-a5e7-1076cce47af4
28;middle eastern;happy;Man;72eda2db-c4fc-4561-a5e7-1076cce47af4-98.png;72eda2db-c4fc-4561-a5e7-1076cce47af4
29;middle eastern;happy;Man;72eda2db-c4fc-4561-a5e7-1076cce47af4-99.png;72eda2db-c4fc-4561-a5e7-1076cce47af4
